Workbook

Sheet Student Dashboard
B2: Behavior Data Collection — Student Dashboard
B4: Longitudinal student record, clinical overview, signatures, and progress monitoring
B6: Student | C6: Sample Student | F6: Date of Birth | G6: 2015-05-10 | J6: Program / Site | K6: Upper School
B7: Behavior Analyst | C7: Jane Doe, BCBA | F7: Days Collected | G7: 2 | J7: Last Updated | K7: 2026-07-28
B8: Current Goal | C8: Reduce aggression below 2 per day | I8: Intervention / Phase | J8: Functional Communication Training
B10: Aggression — Latest Day | F10: SIB — Latest Day | J10: Screaming — Latest Day
B11: ='Daily Summary'!F7 -> 0 | F11: ='Daily Summary'!G7 -> 0 | J11: ='Daily Summary'!L7 -> 0
H28: Signature & Review Status
H29: Latest staff signature | I29: Not signed
H30: Latest supervisor signature | I30: Not signed
H31: Latest record status | I31: Submitted
H32: Latest staff member | I32: Alex RBT
H34: Use the Behavior Trends tab for full-size graphs. Use Clinical Notes for longitudinal documentation and Signatures for the printable audit trail.

Sheet Day Records
A1: Student | B1: Date of Birth | C1: Program / Site | D1: Behavior Analyst | E1: Current Goal / Criterion | F1: Intervention / Phase | G1: Date | H1: Staff Member | I1: Status | J1: Arrival | K1: Dismissal | L1: Interval Length (Minutes) | M1: Frequency Entry Method | N1: Aggression Daily Total | O1: SIB Daily Total | P1: Daily Notes | Q1: Supervisor Feedback
A2: Sample Student | B2: 2015-05-10 | C2: Upper School | D2: Jane Doe, BCBA | E2: Reduce aggression below 2 per day | F2: Functional Communication Training | G2: 46230 | H2: Alex RBT | I2: Reviewed | J2: 08:30 | K2: 15:30 | L2: 5 | M2: Daily total | N2: 4 | O2: 2 | P2: Sample note | Q2: Continue plan
A3: Sample Student | B3: 2015-05-10 | C3: Upper School | D3: Jane Doe, BCBA | E3: Reduce aggression below 2 per day | F3: Functional Communication Training | G3: 46231 | H3: Alex RBT | I3: Submitted | J3: 08:30 | K3: 15:30 | L3: 5 | M3: Daily total | N3: 3 | O3: 1 | P3: Second day

Sheet Interval Data
A1: Student | B1: Date | C1: Interval | D1: Start Time | E1: End Minute | F1: Aggression Interval Tally | G1: SIB Interval Tally | H1: Screaming (+/-/Ø) | I1: Interval Note
A2: Sample Student | B2: 46230 | C2: 8:30–8:35 | D2: 08:30 | E2: 515 | H2: +
A3: Sample Student | B3: 46230 | C3: 8:35–8:40 | D3: 08:35 | E3: 520 | H3: -
A4: Sample Student | B4: 46231 | C4: 8:30–8:35 | D4: 08:30 | E4: 515 | H4: +
A5: Sample Student | B5: 46231 | C5: 8:35–8:40 | D5: 08:35 | E5: 520 | H5: +

Sheet Daily Summary
A1: Behavior Data Collection — Continuing Student Summary
A3: Editable source data is stored in Day Records and Interval Data. Formulas below recalculate in Excel.
A5: Student | B5: Date | C5: Staff Member | D5: Status | E5: Frequency Method | F5: Aggression Total | G5: SIB Total | H5: Observed (+) | I5: Not Observed (-) | J5: No Data (Ø) | K5: Valid Intervals | L5: % Intervals With Behavior
A6: ='Day Records'!A2 -> 0 | B6: ='Day Records'!G2 -> 0 | C6: ='Day Records'!M2 -> 0 | D6: ='Day Records'!N2 -> 0 | E6: ='Day Records'!M2 -> 0 | F6: =IF('Day Records'!H2="Interval detail",SUMIFS('Interval Data'!F:F,'Interval Data'!B:B,B6),'Day Records'!I2) -> 0 | G6: =IF('Day Records'!H2="Interval detail",SUMIFS('Interval Data'!G:G,'Interval Data'!B:B,B6),'Day Records'!J2) -> 0 | H6: =COUNTIFS('Interval Data'!B:B,B6,'Interval Data'!H:H,"+") -> 0 | I6: =COUNTIFS('Interval Data'!B:B,B6,'Interval Data'!H:H,"-") -> 0 | J6: =COUNTIFS('Interval Data'!B:B,B6,'Interval Data'!H:H,"Ø") -> 0 | K6: =H6+I6 -> 0 | L6: =IF(K6=0,NA(),H6/K6) -> 0
A7: ='Day Records'!A3 -> 0 | B7: ='Day Records'!G3 -> 0 | C7: ='Day Records'!M3 -> 0 | D7: ='Day Records'!N3 -> 0 | E7: ='Day Records'!M3 -> 0 | F7: =IF('Day Records'!H3="Interval detail",SUMIFS('Interval Data'!F:F,'Interval Data'!B:B,B7),'Day Records'!I3) -> 0 | G7: =IF('Day Records'!H3="Interval detail",SUMIFS('Interval Data'!G:G,'Interval Data'!B:B,B7),'Day Records'!J3) -> 0 | H7: =COUNTIFS('Interval Data'!B:B,B7,'Interval Data'!H:H,"+") -> 0 | I7: =COUNTIFS('Interval Data'!B:B,B7,'Interval Data'!H:H,"-") -> 0 | J7: =COUNTIFS('Interval Data'!B:B,B7,'Interval Data'!H:H,"Ø") -> 0 | K7: =H7+I7 -> 0 | L7: =IF(K7=0,NA(),H7/K7) -> 0
A10: Percentage formula: observed (+) intervals divided by present/collected intervals (+ and -). Ø intervals are excluded.

Sheet Behavior Trends
A1: Behavior Analysis — Longitudinal Progress Monitoring
A3: These are native Excel line charts. Edit Day Records or Interval Data and the chart values recalculate.
A5: Frequency behaviors are graphed as one total per day. +/- data is graphed as the percentage of intervals in which the behavior occurred, using only present/collected intervals in the denominator. Ø is excluded.

Sheet Clinical Notes
A1: Date | B1: Student | C1: Staff Member | D1: Intervention / Phase | E1: Daily Staff Notes | F1: Supervisor / BCBA Feedback | G1: Record Status
A2: 46230 | B2: Sample Student | C2: Alex RBT | D2: Functional Communication Training | E2: Sample note | F2: Continue plan | G2: Reviewed
A3: 46231 | B3: Sample Student | C3: Alex RBT | D3: Functional Communication Training | E3: Second day | G3: Submitted

Sheet Signatures
A1: Date | B1: Student | C1: Staff Member | D1: Staff Signature | E1: Staff Signed At | F1: Supervisor Signature | G1: Supervisor Signed At | H1: Status
A2: 46230 | B2: Sample Student | C2: Alex RBT | D2: Not signed | F2: Not signed | H2: Reviewed
A3: 46231 | B3: Sample Student | C3: Alex RBT | D3: Not signed | F3: Not signed | H3: Submitted

Sheet Definitions & Directions
A1: Behavior | B1: Data Type | C1: Operational Definition / Direction
A2: Aggression | B2: Frequency tally | C2: Hitting others with an open hand, closed hand, or object. Enter one total for the day unless isolated time-block analysis is required.
A3: Self-Injurious Behavior | B3: Frequency tally | C3: Hitting their own head with an open hand, closed hand, or object. Enter one total for the day unless isolated time-block analysis is required.
A4: Screaming | B4: + / - / Ø | C4: Use + when observed, - when not observed, and Ø when the student was absent or data was not collected. Percentage = + divided by (+ and -). Ø is excluded.

Sheet _App Metadata
A1: Behavior Data Continuing Record Metadata
A2: {"version": 3, "signatures": {"2026-07-27": {"staff": "", "supervisor": ""}, "2026-07-28": {"staff": "", "supervisor": ""}}}
